,folds,test_auc,val_auc,test_acc,val_acc
0,0,0.6785714285714286,0.625,0.7333333333333334,0.8
1,1,0.6607142857142857,0.5892857142857143,0.7333333333333334,0.6666666666666667
2,2,0.48214285714285715,0.44642857142857145,0.5333333333333333,0.5333333333333333
