,folds,test_auc,test_acc
0,0,0.6785714285714286,0.7333333333333334
1,1,0.6607142857142857,0.7333333333333334
2,2,0.48214285714285715,0.5333333333333333
